date,venue,city,state,category,etree_comments,ia_sources
1964-03-07,"Palo Alto, CA Top of the Tangent",Palo Alto,CA,,,[]
1965-07-01,Acid Test,Fillmore & L.A.,CA,,date not correct.,[]
1966-01-02,The Unsurpassed Dead Demos,various studio,demos,,,[]
1966-01-29_2,The Matrix,San Francisco,CA,,,[]
1966-02-01,Viola Lee Blues Rehearsals,Los Angeles,CA,,"January-February 1966 ??\n(exact date unknown)\n""The Viola Lee Blues Rehearsals""\n\n\nThis is a wonderful piece of Dead rehearsal tape that I have not seen circulating in the digital realm.\nThe cassette was played back on Nak CR7E with azimuth adjustment.\nSound Forge was used for noise reduction.\nResearch and A>D transfer by Uli Teute\nSound tweaking and SHN seeding by Hanno Bunjes\nAugust 2003\n\nUpdate 5/2018 - according to research done by Lost Live Dead blog guys, it seems likely this material comes from reels labeled ""Watts"". See http://deadessays.blogspot.com/2015/09/deadbase-corrections.html for more information.",[]
1966-02-12_2,Youth Opportunities Center,Comptom,CA,,"Notes:\n\nThe 8th song, previously notated as ""unknown instrumental"" on Deadlists, is a cover of Freddy King's ""Heads Up."" The 9th tune, previously listed as ""The Same Thing (instrumental),"" is definitely NOT that song. Although it is a\n\nstandard blues and sounds similar at the beginning, closer listening makes it pretty obvious that it is an entirely different song, title unknown. The Viola Lee Blues on this expanded version is a different version than on the\n\nprevious three song version of Pico Acid Test. This is an ongoing mystery, although it should be said that both versions are worth having.",[]
1966-02-25_2,Empire Studios,Los Angeles,CA,,"""Sunset Acid Test"" According to Deadbase updates article on Lost Live Dead, it's possible that the Dead played this date. See http://deadessays.blogspot.com/2015/09/deadbase-corrections.html for more info.",[]
1966-03-09,Bear's House,Los Angeles,CA,,"According to Lost Live Dead blog, this is likely to be rehearsal material from Bear's house. See http://deadessays.blogspot.com/2015/09/deadbase-corrections.html for more information.","[""http://www.archive.org/details/gd1966-03-09.sbd.sorochty.125516.flac16"", ""http://www.archive.org/details/gd1966-03-09.136654.practise.sbd.mr.dat48k.sirmick.flac16""]"
1966-03-10,Bear's House,Los Angeles,CA,Rehearsal,"Location Possibly Owsley’s House In Watts\n\nSitting On Top Of The World Practice Session\n\nAccording to Lost Live Dead blog, this is likely to be rehearsal material from Bear's House. See http://deadessays.blogspot.com/2015/09/deadbase-corrections.html for more information.","[""http://www.archive.org/details/gd1966-03-10.136655.sbd.sirmick.flac16""]"
1966-04-07,Unknown,Los Angeles,CA,,,[]
1966-05-25,Unknown Location,San Francisco,CA,,Other artist(s): The Charlatans,[]
1966-06-01_2,U. of Ca. Medical Center,San Francisco,CA,,LSD Conference,[]
1966-10-08_2,Fillmore Auditorium,San Francisco,CA,,"According to deadessays shared stage blog (https://deadessays.blogspot.com/2017/11/the-shared-stage-1965-1975.html) the Dead played this show along with Butterfield Blues Band (headliner); Jefferson Airplane. Source: DeadEssays blog; According to DeadEssays blog the Dead played 10/7, 10/8 and 10/9/66 at the Fillmore Auditorium.",[]
1966-12-05,Studio: 1st album outtakes,San Francisco,CA,,* Jon Hendricks and the Warlocks,"[""http://www.archive.org/details/gd1966-12-05.sbd.kimbro.21295.sbefail.shnf "", ""http://www.archive.org/details/gd1966-12-05.sbd.kimbro.23064.sbeok.shnf""]"
1967-01-13_2,Berkeley Community Theater,Berkeley,CA,,Other artist(s): The Mamas & The Papas,[]
1967-01-14_2,Fillmore Auditorium,San Francisco,CA,,"According to deadessyas shared stage blog (https://deadessays.blogspot.com/2017/11/the-shared-stage-1965-1975.html), the Dead played with Junior Wells Chicago Blues Band, The Doors and Immediate Family. This would probably have been at night since they also played at the Human Be-In in Golden Gate Park on the same day.",[]
1967-04-01_2,The Rock Garden,San Francisco,CA,,Other artist(s): The Charles Lloyd Quintet; Mystery Trend,[]
1967-04-09_2,"Panhandle, Golden Gate Park",San Francisco,CA,,Started at Third floor flat. Haight Street,[]
1967-04-30_2,The Cheetah,Santa Monica,CA,,3:00 PM show,[]
1967-06-01_2,Cafe au Go-Go,New York,NY,,"According to new evidence, it appears the consensus is that this show was not cancelled. See http://lostlivedead.blogspot.com/2009/12/june-1-1967-tompkins-square-park-new.html?showComment=1260988832872#c4798606218581362167 for more information.",[]
1967-06-03_2,Cafe au Go-Go,New York,NY,,"According to new evidence, the current consensus is that this show was not cancelled. See http://lostlivedead.blogspot.com/2009/12/june-1-1967-tompkins-square-park-new.html?showComment=1260988832872#c4798606218581362167 for more information.",[]
1967-06-08_2,Central Park,New York,NY,,Free afternoon Concert,[]
1967-06-16_2,The Hullabaloo,Hollywood,CA,,Late Show. It's been determined that the dead played two shows at the Hullabaloo - 8 PM and 1 AM. See http://lostlivedead.blogspot.com/2012/11/june-16-1967-hullabaloo-los-angeles-ca.html and http://deadessays.blogspot.com/2015/09/deadbase-corrections.html for more information.,[]
1967-06-18_2,"Athletic Field, Monterey Peninsula College",Monterey,CA,,"According to Hootoerollin Around blog, it seems likely that the Dead played this show. See http://hooterollin.blogspot.com/2015/07/grateful-dead-performance-list-january.html for more information.\n\nThis is not the Monterey Pop Festival set",[]
1967-07-16_2,Golden Gardens Beach,Seattle,WA,,Afternoon show,[]
1967-08-05_2,O'Keefe Center,Toronto,ON,,"This is the matinee (Early) show that was played, according to Lost Live Dead. See http://deadessays.blogspot.com/2015/09/deadbase-corrections.html for more information.",[]
1967-08-06_2,Place Ville Marie,Montreal,QC,,,[]
1967-09-09_2,Volunteer Park,Seattle,WA,,,[]
1967-10-20_2,American Studios,North Hollywood,CA,,,"[""http://www.archive.org/details/gd67-10-20.studio.poynton-sirmick.85631.sbeok.flac16""]"
1967-11-19,Unknown Location,San Francisco,CA,,"Date uncertain. rehearsal, repeated versions of Lovelight",[]
1967-12-02,Studio,San Francisco,CA,,,[]
1967-12-02_2,Psychedelic Supermarket,Boston,MA,,"12/1/67 and 12/2/67 GD shows at Psychedelic Supermarket were listed in the Boston After Dark entertainment calendar, November 29, 1967, p. 5. See Jerry Garcia's Middle Finger.",[]
1967-12-09_2,Psychedelic Supermarket,Boston,MA,,According to deadessays shared stage blog (https://deadessays.blogspot.com/2017/11/the-shared-stage-1965-1975.html) the Dead played this show along with Catharsis. Source: Jerry Garcia's Middle Finger blog and Lost Live Dead blog. According to DeadEssay blog There is no evidence the Dead returned here on Dec. 29-30.,[]
1968-01-02,Studio,San Mateo,CA,,AOXOMOXOA OUTTAKES,[]
1968-03-08_2,"Melodyland Theater, Disneyland",Anaheim,CA,,"Late Show. According to Dead Essays blog, the Dead played two shows on this date.",[]
1968-03-09_2,"Melodyland Theater, Disneyland",Anaheim,CA,,"Late Show. According to Hootoerollin Around blog, The Dead played eraly and late shows on this date.",[]
1968-04-14_2,Greynolds Park,Miami,FL,,According to deadessays shared stage blog (https://deadessays.blogspot.com/2017/11/the-shared-stage-1965-1975.html) the Dead played this show along with The Blues Image,[]
1968-05-07_2,Electric Circus,New York,NY,,Early show,[]
1968-05-08_2,Electric Circus,New York,NY,,Late show.,[]
1968-05-09_2,Electric Circus,New York,NY,,Early show,[]
1968-05-12_2,Civic Center,Virginia Beach,VA,,Late Show. According to Deadessays.com Deadbase update blog there were 2 shows scheduled (7 PM and 10 PM). See http://deadessays.blogspot.com/2015/09/deadbase-corrections.html and http://www.deadlists.com/posters/1960s/19680511.html for more information.,[]
1968-05-18_2,Shrine Auditorium,Los Angeles,CA,,"Other artist(s): Steve Miller Band, Taj Mahall\n\nEvening Show.  The Band played the Santa Clara County Fairgrounds in the afternoon.",[]
1968-06-02_2,Carousel Ballroom,San Francisco,CA,,"According to DeadEssays blog, there was a misprint on the poster for the Carousel Ballroom run from 5/31 - 6/2. The poster had the wrong dates of 5/30 - 6/1. See http://deadessays.blogspot.com/2018/10/1968-show-list.html for more information. This database entry is for the final performance at the Carousel Ballroom on 6/2. The dead played a free show in the Panhandle earlier in the day.",[]
1968-06-14_2,Fillmore East (Early Show),New York,NY,,Early Show; does not circulate as of 5/01; note some copies of Late Show may be mislabelled as Early. Eyewitness setlist courtesy Deadlists.,[]
1968-06-15_2,Fillmore East,New York,NY,,Early show - Other artist(s): GD; Jeff Beck Group; Seventh Sons,[]
1968-07-18,Anthem Of The Sun Live,Compilation,Various,,Released July 18 1968\n\n\nFeedback might seem like a strange choice as a bonus track.  The reason I've included it is because Caution is incomplete and cuts before the end.  I didn't want to leave it hanging so this seemed like a way to a better ending.\n\n\nAll tracks have been changed in some way for the purpose of this compilation.\n\n,[]
1968-09-01_2,Palace of Fine Arts Theatre,San Francisco,CA,,Haight-Ashbury Medical Clinic benefit - afternoon concert,[]
1968-10-19_2,Convention Center,Las Vegas,NV,,"According to Deadessays.com blog, it's likely that the Dead played this show. See https://deadessays.blogspot.com/2017/11/lost-shows-come-to-light.html and http://deadessays.blogspot.com/2015/09/deadbase-corrections.html for more information.",[]
1968-11-30_2,Hyde Park Teen Center,Cincinnati,OH,,"Late Show. According to Deadessays.com blog, the Dead played two shows on 11/30. 11/29 and 11/30 represent the correct dates for the show previously marked as 11/24/68. See http://deadessays.blogspot.com/2015/09/deadbase-corrections.html and http://lostlivedead.blogspot.com/2012/04/november-29-30-1968-hyde-park-teen.html for more information.",[]
1968-12-28,Unknown Location,Houston,TX,,,[]
1969-01-23,Avalon Ballroom,San Francisco,CA,,Rehearsal off of Download Series Vol.#12,[]
1969-02-07_2,Stanley Theatre,Pittsburgh,PA,,Adding this entry for the Early Show. The current database record has early and late shows as one entry.,[]
1969-02-09_2,Lyric Theater,Baltimore,MD,,Late Show entry,[]
1969-02-11_2,Fillmore East (Late show),New York,NY,,Late show. Other artist(s): Janis Joplin & Her Band. This date (both late and early shows) is featured on Fillmore East 2/11/69.,[]
1969-02-12_2,Fillmore East,New York,NY,,Early Show,[]
1969-03-22_2,Thee Experience,Hollywood,CA,,According to deadessays shared stage blog (https://deadessays.blogspot.com/2017/11/the-shared-stage-1965-1975.html) the Dead played this show along with Chicago (headliner); Blues Image; Little John Farmer; The Mothers of Invention (guest set). Source: DeadEssays blog; Dead played a guest set.,[]
1969-03-27,Unknown Location,Merced,CA,,true date of this material may be Modesto 3/28/69- see Deadlists for discussion,[]
1969-03-29_2,Ice Palace,Las Vegas,NV,,"According to the poster there were two shows at the Ice Palace. See http://www.deadlists.com/posters/1960s/19690329.html for more information. This is the placeholder for the Early Show. It's unclear which show is represented by the tape that circulates for this date (Early or Late), so I'll just mark this as the Early.",[]
1969-04-12_2,"Student Union Ballroom, University of Utah",Salt Lake City,UT,,According to the poster there were two shows 8PM-10PM. It's unclear whether or not they actually played two shows. Only one recording exists. This will be the placeholder for the early show. See http://www.deadlists.com/posters/1960s/19690412.html for more information.,[]
1969-04-22_2,The Ark,Boston,MA,,*Lovelight contains a Caution Jam,[]
1969-05-03_2,Sierra College,Rocklin,CA,,Afternoon concert,[]
1969-06-20_2,Fillmore East,New York,NY,,Early show. order uncertain - list could befrom late show Other artist(s): GD; Buddy Miles Express; Savoy Brown,[]
1969-06-21_2,Fillmore East (Early),New York,NY,,Early show. list could be from late show Other artist(s): GD; Buddy Miles Express; Savoy Brown,"[""http://www.archive.org/details/gd1969-06-21.aud-early.cotsman.8995.sbeok.shnf""]"
1969-07-08_2,Rock Pile,Toronto,ON,,Early show,[]
1969-07-10,Playboy After Dark,Los Angeles,CA,,TV show - this is the broadcast date; performance date for the show was 01-18-69,[]
1969-09-26_2,Fillmore East,New York,NY,,Early Show. See https://deadessays.blogspot.com/2019/11/1969-show-list.html for more information.\n\nA review is available here: http://deadsources.blogspot.com/2018/08/september-26-27-1969-fillmore-east.html,[]
1969-09-27_2,Fillmore East (early),New York,NY,,"""Take Me Out To The Ball Game"" tuning after Uncle John's Jam Other artist(s): Country Joe & The Fish- GD; Sha Na Na","[""http://www.archive.org/details/gd1969-09-27.early.aud.warner-jupillej.12064.sbeok.shnf"", ""http://www.archive.org/details/gd69-09-27.aud.hanno.14857.sbeok.shnf""]"
1969-09-29_2,Cafe au Go-Go,New York,NY,,Merry-Go-Round Broke Down-> Take Me Out To The Ballgame tuning before Alligator may be from one of the other two nights,[]
1969-09-30_2,Cafe au Go-Go,New York,NY,,Late show; Merry-Go-Round Broke Down-> Take Me Out To The Ballgame tuning before Alligator may be from one of the other two nights,[]
1969-10-01_2,Cafe au Go-Go,New York,NY,,Late Show,[]
1969-10-17,Unknown Location,San Jose,CA,,,[]
1969-10-28,2400 Fulton Street,San Francisco,CA,,"JERRY GARCIA, JORMA, JACK CASSADY, SPENCER DRYDEN",[]
1969-11-04,"San Francisco,Ca",San Francisco,CA,,,[]
1969-11-23_2,Boston Music Hall,Boston,MA,,"Late Show. According to Lost Live Dead, it appears that the Dead played two shows. See http://lostlivedead.blogspot.com/2011/04/november-23-1969-boston-music-hall.html for more information.",[]
1970-01-02_2,Fillmore East - late show,New York,NY,,"9/24/04 update: On 8/14/01, this setlist was relabeled Early show based on a reported witness account at deadlists.com, but that site now has more evidence for this as Late show.","[""http://www.archive.org/details/gd70-01-02.partial-early.sbd.86.sbefail.shnf"", ""http://www.archive.org/details/gd1970-01-02.137375.sbd.wise.sirmick.sbeok.flac16""]"
1970-01-03_2,Fillmore East (Early Show),New York,NY,,Early show,"[""http://www.archive.org/details/gd1970-01-03.137559.sbd.miller.flac1648""]"
1970-02-03,Family Dog at the Great Highway,San Francisco,CA,,"According to Deadessays blog, there was a rehearsal for the TV broadcast taped on this day. See http://deadessays.blogspot.com/2015/09/deadbase-corrections.html for more information.",[]
1970-02-07_2,Pacific High Recording,San Francisco,CA,,"Dead start recording ""Workingman's Dead""; DSH note- this was added by ""system"" at creation of db",[]
1970-02-11_2,Fillmore East,New York,NY,,"The Allman Brothers Band opened\n\nJerry Garcia - Guitar\nBob Weir - Guitar\nRon ""Pigpen"" McKernan - Hammond B3, Harmonica\nPhil Lesh - Bass\nBill Kreutzmann - Drums\nMickey Hart - Drums\n\nDuane Allman - Guitar *\nGregg Allman - Keyboards *\nBerry Oakley - Bass ^\nButch Trucks - Drums *\nPeter Green - Guitar *\nMick Fleetwood - Drums *","[""http://www.archive.org/details/gd1970-02-11.126251.sbd.wolfe-lee-smith.flac16""]"
1970-02-13_2,Fillmore East,New York,NY,,Early show,"[""http://www.archive.org/details/gd1970-02-13.early.sbd.gans.2208.sbeok.shnf"", ""http://www.archive.org/details/gd1970-02-12.sbd.sssb.murphy.5932.sbeok.shnf"", ""http://www.archive.org/details/gd1970-02-13.early.aud.unknown.holmes-Oleynick.109535.sbeok.flac16"", ""http://www.archive.org/details/gd1970-02-13.144856.early-late.aud.recorder2.Mk1.flac24""]"
1970-03-21_2,Capitol Theater (Late),Port Chester,NY,,"Late show. Comments courtesy Deadlists: ""The Friend Of The Devil has different lyrics.  Wake Up Lil Susie\n\nis in response to an audience request... Catfish was advertised on this bill and may have played an\n\nopening set for the late show.""","[""http://www.archive.org/details/gd70-03-21.late.aud.5316.sbeok.shnf"", ""http://www.archive.org/details/gd1970-03-21.late.aud.lee.pcrp.21779.shnf"", ""http://www.archive.org/details/gd1970-03-21.late.aud.coolsonics.altsource.118670.flac16                    "", ""http://www.archive.org/details/gd1970-03-21.late.124148.cooper.flac16"", ""http://www.archive.org/details/gd1970-03-21.144383.late.rec3.m-aud.flac1644"", ""http://www.archive.org/details/gd1970-03-21.144604.late.sonyf95.remaster.lee.hance.sirmick.flac1644""]"
1970-06-24_2,Capitol Theater (Early),Port Chester,NY,,Early show. Other artist(s): NRPS,[]
1970-06-27_2,Coronation Park,Toronto,ON,,According to deadessays shared stage blog (https://deadessays.blogspot.com/2017/11/the-shared-stage-1965-1975.html) the Dead played this show along with Ian & Sylvia and the Great Speckled Bird; James & the Good Brothers; The People’s Revolutionary Concert Band; \n\nJanuary; Si Potma; P.M. Howard,[]
1970-10-18_2,Tyrone Guthrie Theatre,Minneapolis,MN,,Order uncertain - 7:00 show - Other artist(s): NRPS,[]
1970-10-19,unknown,Minneapolis,MN,,,[]
1970-10-30_2,"Gym, SUNY (Early Show)",Stony Brook,NY,,Early show - Other artist(s): NRPS,"[""http://www.archive.org/details/gd1970-10-30.early.sbd.lai.7466.sbefail.shnf"", ""http://www.archive.org/details/gd1970-10-30.early.sbd.cousinit.17359.shnf"", ""http://www.archive.org/details/gd1970-10-30.121125.sbd.deluca.digitalrbb.miller.flac1648"", ""http://www.archive.org/details/gd1970-10-30.121126.sbd.deluca.digitalrbb.miller.flac16"", ""http://www.archive.org/details/gd1970-10-30.153005.sbd.warburton.smith.sirmick.flac16"", ""http://www.archive.org/details/gd1970-10-30.153006.sbd.warburton.smith.sirmick.flac24"", ""http://www.archive.org/details/gd1970-10-30.153205.sbd.warburton.smith.sirmick.flac16"", ""http://www.archive.org/details/gd1970-10-30.153206.sbd.warburton.smith.sirmick.flac24""]"
1970-10-31_2,"Gym, S.U.N.Y. (Early)",Stony Brook,NY,,Early show Other artist(s): NRPS,"[""http://www.archive.org/details/gd70-10-31.early.sbd.fischer.6517.sbeok.shnf"", ""http://www.archive.org/details/gd1970-10-31.122042.sbd.deluca.Digitalrbb.miller.flac1648"", ""http://www.archive.org/details/gd1970-10-31.122043.sbd.deluca.Digitalrbb.miller.flac16"", ""http://www.archive.org/details/gd1970-10-31.153059.early.sbd.warburton.smith.sirmick.flac16"", ""http://www.archive.org/details/gd1970-10-31.153060.early.sbd.warburton.smith.sirmick.flac24""]"
1970-11-06_2,Capitol Theater,Port Chester,NY,,Early show - Other artist(s): NRPS,[]
1970-11-21_2,WBCN-FM Studios,Boston,MA,,"Jerry Garcia, Bob Weir, and Duane Allman",[]
1970-12-31_2,Winterland Arena (aftershow),San Francisco,CA,,aftershow jams and promos; *with Jorma Kaukonen; note the show itself has a separate entry in the db- add it.,"[""http://www.archive.org/details/gd70-12-31.aftershow.sbd.cole.6171.sbeok.shnf""]"
1971-09-29,Studio Rehearsals with Keith Godchaux,Santa Venetia,CA,Rehearsal,setlist courtesy deadlists.com,"[""http://www.archive.org/details/gd71-09-29.sbd.cousinit.16891.sbeok.shnf"", ""http://www.archive.org/details/gd1971-09-29.unsurpassed-masters-vol4-vol6.116951.flac16""]"
1971-09-30,Studio Rehearsals with Keith Godchaux,Santa Venetia,CA,Rehearsal,Studio Rehearsal With Keith Godchaux,"[""http://www.archive.org/details/gd71-09-30.sbd.cousinit.18109.sbeok.shnf""]"
1971-10-01,Studio,Santa Venetia,CA,Rehearsal,"Reportedly one of a few Keith Rehearsal Sessions. If instead you want to list the compilation of several rehearsals that's going around, try 9/??/71.\nAdmin note- If you have known-correct info for this date, feel free to send a well-worded setlist update. Thanks!","[""http://www.archive.org/details/gd71-10-01.sbd.rehearsal.cousinit.16896.sbefail.shnf""]"
1974-02-22_2,Soundcheck - Winterland Arena,San Francisco,CA,,"Sometimes incorrectly dated as 2/24, the correct date is 2/22.\n\nJerry Garcia - Guitar\nBob Weir - Guitar\nKeith Godchaux - Keyboards\nPhil Lesh - Bass\nBill Kreutzmann - Drums\nDonna Jean Godchaux - Vocals",[]
1975-03-17,Ace's,Mill Valley,CA,Rehearsal,"Students Need Athletics Culture & Kicks - SNACK Benefit Rehearsal\n\nJerry Garcia - Guitar\nBob Weir - Guitar\nKeith Godchaux - Keyboards\nPhil Lesh - Bass\nBill Kreutzmann - Drums\nMickey Hart - Drums\nDonna Jean Godchaux - Vocals\nDavid Crosby - Vocals, Guitar","[""http://www.archive.org/details/gd75-03-17.sbd.vernon.10111.sbeok.shnf"", ""http://www.archive.org/details/gd1975-03-17.145773.sbd.pcm.dalton.miller.noel.flac16""]"
1975-03-21,Ace's studio,Mill Valley,CA,Rehearsal,,"[""http://www.archive.org/details/gd75-03-21.sbd.backus.14288.sbeok.shnf""]"
1975-03-26,Ace's Studio,Mill Valley,CA,Rehearsal,I was unable to independently confirm the given date for these rehearsals.\n\n\nThis was part of a 6 disc set originally posted on abgd.\n\nTracks 01 and 02 were re-shn'ed to make them seekable like the rest of the set. Renamed to meet Etree guidelines.,"[""http://www.archive.org/details/gd75-03-26.sbd.backus.14289.sbeok.shnf"", ""http://www.archive.org/details/gd1975-03-26.145774.sbd.pcm.dalton.miller.noel.flac16""]"
1975-04-02,Ace's Studio,Mill Valley,CA,Rehearsal,"I tried to create more of an info file, but what can I say? Snippets of various songs in progress, chatter, tuning, ect.\n\nThe Deadbase notation pretty much sums it up. Some interesting stuff here embryonic versions of Blues For Allah-era material.\n","[""http://www.archive.org/details/gd75-04-02.sbd.backus.14290.sbeok.shnf"", ""http://www.archive.org/details/gd1975-04-02.145775.sbd.pcm.dalton.miller.noel.flac16""]"
1975-04-17,Ace's Studio,Mill Valley,CA,Rehearsal,Blues For Allah Recording Sessions & Rehearsals,"[""http://www.archive.org/details/gd75-04-17.sbd.backus.14291.sbeok.shnf"", ""http://www.archive.org/details/gd1975-04-17.122863.flacf""]"
1975-06-03,Ace's Studio,Mill Valley,CA,Rehearsal,"Blues Jam, Crazy Fingers","[""http://www.archive.org/details/gd1975-06-03.145776.sbd.pcm.dalton.miller.noel.flac16""]"
1975-06-04,Ace's Studio,Mill Valley,CA,Rehearsal,Franklin's Tower rehearsals,"[""http://www.archive.org/details/gd1975-06-04.145777.sbd.pcm.dalton.miller.noel.flac16""]"
1975-07-07,Ace's Studio,Mill Valley,CA,,"Multiple takes of Crazy Fingers, TLEO, and King Solomon's Marbles, and Franklin's Tower","[""http://www.archive.org/details/gd75-07-07.sbd.backus.14293.sbeok.shnf"", ""http://www.archive.org/details/gd1975-07-07.145780.sbd.pcm.dalton.miller.noel.flac16""]"
1975-09-01,Club Front Studio,San Rafael,CA,Rehearsal,"Notes:\n\nGrateful Dead studio outtakes recorded during the sessions for Garcia's ""Reflections"" album. Not to be confused with other circulating ""Reflections"" session outtakes or rehearsals.  - Alan Bershaw","[""http://www.archive.org/details/gd1975-09-01.140813.studio.bershaw.flac1644""]"
1975-09-16,Club Front Studio,San Rafael,CA,Rehearsal,"Notes:\n\nA Grateful Dead attempt at studio recording ""Catfish John"" notated as take 9. The session for ""Catfish John"" on Garcia's ""Reflections"" album featured the 1975-era Garcia Band lineup of Garcia, Hopkins, Kahn and Tutt as the core unit, although it did feature additional overdubs by Mickey, Keith & Donna. Not to be confused with other circulating ""Reflections"" outtakes or rehearsals. Short and sweet. - Alan Bershaw","[""http://www.archive.org/details/gd1975-09-16.140795.sbd.bershaw.flac1644""]"
1976-04-20,Mickey's Barn,Novato,CA,Rehearsal,Rehearsal at Mickey's Barn\n\nJerry Garcia - Guitar\nBob Weir - Guitar\nKeith Godchaux - Keyboards\nPhil Lesh - Bass\nBill Kreutzmann - Drums\nMickey Hart - Drums\nDonna Jean Godchaux - Vocals,"[""http://www.archive.org/details/gd1976-04-20.141357.sbd.rehearsal.pcm.dalton.miller.clugston.flac1644""]"
1976-05-28,Orpheum Theatre,San Francisco,CA,Rehearsal,Tour Rehearsal\n\nJerry Garcia - Guitar\nBob Weir - Guitar\nKeith Godchaux - Keyboards\nPhil Lesh - Bass\nBill Kreutzmann - Drums\nMickey Hart - Drums\nDonna Jean Godchaux - Vocals,"[""http://www.archive.org/details/gd76-05-2x.sbd.vernon.9769.sbeok.shnf"", ""http://www.archive.org/details/gd1976-05-28.rehearsals.gems.82947.flac16""]"
1978-11-17_2,Uptown Theater,Chicago,IL,,Jerry Garcia - Guitar\nBob Weir - Guitar\nKeith Godchaux - Keyboards\nPhil Lesh - Bass\nBill Kreutzmann - Drums\nMickey Hart - Drums\nDonna Jean Godchaux - Vocals,"[""http://www.archive.org/details/gd78-11-17.paud.wiley.11488.sbeok.shnf"", ""http://www.archive.org/details/gd1978-11-17.135718.sbd.partial.schley.andrewf.flac1644""]"
1979-04-16,"Studio Rehersal, Club Front",San Rafael,CA,,Jerry Garcia - Guitar\nBob Weir - Guitar\nBrent Mydland - Keyboards\nPhil Lesh - Bass\nBill Kreutzmann - Drums\nMickey Hart - Drums,"[""http://www.archive.org/details/gd79-04-16.studio.clugston.3121.sbeok.shnf"", ""http://www.archive.org/details/gd1979-04-16.sbd-greider.ladner.4163.shnf"", ""http://www.archive.org/details/gd1979-04-16.157228.sbd.gems.flac1648""]"
1979-07-11,"Studio Rehersal, Club Front",San Rafael,CA,,Jerry Garcia - Guitar\nBob Weir - Guitar\nBrent Mydland - Keyboards\nPhil Lesh - Bass\nBill Kreutzmann - Drums\nMickey Hart - Drums,"[""http://www.archive.org/details/gd1979-07-11.153601.gth-outtakes.flyingM.flac1644"", ""http://www.archive.org/details/gd1979-07-11.153602.gth-outtakes.flyingM.flac2496"", ""http://www.archive.org/details/gd1979-07-11.164873.GoToHeavenOuttakes.v2.flac1644"", ""http://www.archive.org/details/gd1979-07-11.164874.GoToHeavenOuttakes.v2.flac2496""]"
1981-12-11,Club Front,San Rafael,CA,Rehearsal,"Grateful Dead + Joan Baez\n-- This was a rehearsal for the next day's show in San Mateo\n-- The drummers show up halfway through\n-- There's multiple takes of most songs\n-- With Jim McPherson on Piano\n\nTo view the show, see:\nhttp://etreedb.org/lookup_show.php?shows_key=1387","[""http://www.archive.org/details/gd1981-12-11.167061.sbd.miller.flac2496"", ""http://www.archive.org/details/gd1981-12-11.167082.ClubFront.SanRafael.sbd.Baez.rehearsal.pearson.miller.t-flac1648""]"
1983-01-24,Stone House Studio,Novato,CA,Rehearsal,Rehearsal Session\n\nJerry Garcia - Guitar\nBob Weir - Guitar\nBrent Mydland - Keyboards\nPhil Lesh - Bass\nBill Kreutzmann - Drums\nMickey Hart - Drums,"[""http://www.archive.org/details/gd83-01-24.sbd.miller.21264.sbeok.shnf""]"
1983-01-31,Stone House Studio,Novato,CA,Rehearsal,Rehearsal Sessions\n\nJerry Garcia - Guitar\nBob Weir - Guitar\nBrent Mydland - Keyboards\nPhil Lesh - Bass\nBill Kreutzmann - Drums\nMickey Hart - Drums,"[""http://www.archive.org/details/gd83-01-31.sbd.miller.21265.sbeok.shnf""]"
1983-02-01,Stone House Studio,Novato,CA,Rehearsal,Rehearsal Session\n\nJerry Garcia - Guitar\nBob Weir - Guitar\nBrent Mydland - Keyboards\nPhil Lesh - Bass\nBill Kreutzmann - Drums\nMickey Hart - Drums,"[""http://www.archive.org/details/gd83-02-01.sbd.miller.21266.sbeok.shnf""]"
1983-02-06,Stone House Studio,Novato,CA,Rehearsal,Rehearsal Session\n\nJerry Garcia - Guitar\nBob Weir - Guitar\nBrent Mydland - Keyboards\nPhil Lesh - Bass\nBill Kreutzmann - Drums\nMickey Hart - Drums,"[""http://www.archive.org/details/gd83-02-06.sbd.miller.21270.sbeok.shnf""]"
1983-03-14,Club Front - Rehearsals,San Rafael,CA,Rehearsal,Rehearsal Session\n\nJerry Garcia - Guitar\nBob Weir - Guitar\nBrent Mydland - Keyboards\nPhil Lesh - Bass\nBill Kreutzmann - Drums\nMickey Hart - Drums,"[""http://www.archive.org/details/gd83-03-14.sbd.miller.21269.sbeok.shnf""]"
1984-02-21,Arista Studio,San Rafael,CA,Rehearsal,"Rehearsals for the ""In The Dark"" album",[]
1984-02-25,Studio Demos,Studio,CA,,Bob Weir - Guitar\nPhil Lesh - Bass\nLinn Drum Machine,[]
1984-12-18,Studio,Studio,CA,Rehearsal,"12/18/84 GD Rehearsal\n\n\nThis was part of the KPFA Marathon broadcast on 2/22/2003 by David Gans\n\nIf you get these SHNs, please make a donation to KPFA:\n\n\nKPFA\n\n1929 Martin Luther King, Jr. Way\n\nBerkeley CA 94704 \n\n*OR* \n\nyou can pledge online at www.kpfa.org\n\n\n",[]
1987-07-14,Compilation,Compiliation,Unknown,,,[]
1987-08-08,MTV's Day Of The Dead,Various,Various,,"A day-long salute to the Grateful Dead on MTV, which\n\nwas playing Touch of Grey heavily in it's rotation\n\nat the time.  Many believe this was the beggining of\n\nthe end for the Grateful Dead.\n\n\nFrom ""Skeleton Key - A Dictionary For Deadheads"" -\n\nThe success of ""A Touch of Grey"" is often cited for\n\nthe influx of younger Heads onto the scene (though\n\nSteve Marcus believes it was MTV's ""Day of the Dead"").\n\n\n""They kept cutting into the parking lot scene at \n\nGiants Stadium, saying, ""Cool, dude, what a party!"" \n\nAnd a whole shitload of folks came in to party.  \n\nThey didn't even know who the Dead were. You'd see\n\na lot of people in leather with metal studs and \n\npointed hair,'cause it was ""Grateful Dead"" - sounds\n\nlike a metal band!  They didn't have a clue.  \n\nAnd a lot of the younger ones just didn't have Deadhead\n\netiquette.  When I started working for the Dead in 1983,\n\nthe median age group was twenty-seven years old.  \n\nBy late 1987, it was down to about eighteen.  That's \n\na hell of a jump.  But it's their band too."" - Steve Marcus\n\n\nHere then, is MTV's ""Day of the Dead"".  All blatantly\n\nofficial segments have been removed.\n\n\nDisc 1: MTV Day Of The Dead (22:41)\n\n\nHosts: Julie Brown, China Kantner, Kevin Seal\n\nReporters: Carolyne Heldman, Rich Shydner\n\nWith a cast of thousands, including:\n\nJerry Garcia\n\nMickey Hart\n\nThe Deadheads\n\n\n\nDisc 2: Dead On - The Grateful Dead Alive In The 80's (26:06)\n\n\nSpecial MTV documentary with appearances by:\n\nJerry Garcia, Bob Weir, Bill Kreutzmann, Mickey Hart,\n\nDan Healy, Les Kippel, Toni Brown, Jacaeber Kastor,\n\nBill Graham, Peter Martin, Stanley Mouse, Rick Griffin,",[]
1987-09-14,Unknown,New York,NY,,"This press conference centers on the video project ""So Far"", but strays into other interesting topics.  \n\nGrateful Dead publicist Dennis McNally introduces the panel - Jerry Garcia, Bob Weir, Len Dell'Amico, and Clive Davis.",[]
1990-08-28,Club Front,San Rafael,CA,Rehearsal,"Vince Welnick's First Rehearsal, Not The Full Band","[""http://www.archive.org/details/gd1990-08-28.156714.sbd.miller.flac2496"", ""http://www.archive.org/details/gd1990-08-28.157161.sbd.rehearsals.cm.miller.t.flac1644""]"
1990-09-26,Club Front Studio,San Rafael,CA,Rehearsal,Europe 90 Rehearsal,"[""http://www.archive.org/details/gd1990-09-26.157660.sbd.miller.flac16""]"
1990-09-27,Club Front,San Rafael,CA,Rehearsal,Europe 90 Rehearsal,"[""http://www.archive.org/details/gd1990-09-27.157661.sbd.miller.flac16""]"
1990-09-28,Front Street,San Rafael,CA,Rehearsal,"Rehearsal with Bruce Hornsby for upcoming European tour, multiple takes per song","[""http://www.archive.org/details/gd90-09-28.sbd.jeffm.13531.sbeok.shnf"", ""http://www.archive.org/details/gd1990-09-28.157662.sbd.miller.flac16""]"
1992-02-13,Club Front,San Rafael,CA,Rehearsal,Rehearsal. (See 2/21/92. The songlist are identical. Only 1 version of So Many Roads is kept on the archive for the date 2/13/92. The rest are under the 2/21/92 date.This comment added on 4/16/05.),"[""http://www.archive.org/details/gd92-02-13.sbd.rehearsal.samaritano.17404.sbeok.shnf""]"
1993-02-13,Club Front,San Rafael,CA,,Rehersal,"[""http://www.archive.org/details/gd93-02-10.rehearsal.Samaritano.17435.sbeok.shnf""]"
1994-03-30_2,Liberty Video,Compilation,Compilation,,"The Justin Kreutzmann ""Liberty"" video is included on the DVD of ""View From the Vault II."" \nThe audio is from 30 March 1994 (the same as ""So Many Roads"" box set), though the video footage is from three different concerts.",[]
1995-03-17_2,The Spectrum (soundcheck),Philadelphia,PA,,Unbroken Chain soundcheck,"[""http://www.archive.org/details/gd1995-03-17.sndchk.fm.toland.1366.shnf"", ""http://www.archive.org/details/gd95-03-17.soundcheck.sbd.17951.sbeok.shnf""]"
